hotspot_id,name,locality_area,zone,severity_tier,latitude,longitude,road_type,commute_relevance,data_confidence,source_note,coordinates_verified,rainfall_threshold_mm_per_hr,time_to_flood_after_threshold_min,typical_drain_time_hr,drainage_capacity_score
FCG-001,Subhash Chowk,Old Gurugram / Sohna Road-Sadar Bazaar junction,Zone 1,hypercritical,28.458,77.027,arterial junction,High,confirmed_named_multi_source,NewsX (2024) — named directly by MCG Commissioner as a recurring hotspot,"No — approximate, verify before production use",20.4,28,5.6,0.24
FCG-002,Basai Chowk,West Gurugram,Zone 1,hypercritical,28.465,76.995,arterial junction,High,confirmed_named_multi_source,"The Tribune (2022), NewsX (2024) — recurring across years","No — approximate, verify before production use",15.7,39,5.3,0.26
FCG-003,Khandsa Road,Old / West Gurugram,Zone 1,hypercritical,28.46,77.01,arterial road,High,confirmed_named_multi_source,NewsX (2024) — MCG Commissioner named it directly,"No — approximate, verify before production use",15.9,29,4.1,0.29
FCG-004,Sector 10A,Old Gurugram,Zone 1,hypercritical,28.472,77.018,sector arterial,Medium,confirmed_named_mcg_zone1,MCG 2026 pre-monsoon Zone 1 hotspot list; also named in NewsX (2024) as 'Sector 10',"No — approximate, verify before production use",19.5,36,4.3,0.15
FCG-005,Gandhi Nagar Booster,Old Gurugram,Zone 1,moderate,28.468,77.005,local road,Medium,confirmed_named_mcg_zone1,MCG 2026 pre-monsoon Zone 1 hotspot list,"No — approximate, verify before production use",30.5,43,2.7,0.51
FCG-006,Begumpur Khatola,West Gurugram,Zone 1,moderate,28.44,76.96,local / arterial,Medium,confirmed_named_mcg_zone1,MCG 2026 pre-monsoon Zone 1 hotspot list,"No — approximate, verify before production use",32.6,57,3.0,0.57
FCG-007,Fazilpur,West Gurugram,Zone 1,moderate,28.43,76.945,local road,Medium,confirmed_named_mcg_zone1,MCG 2026 pre-monsoon Zone 1 hotspot list; remedial work reported ongoing,"No — approximate, verify before production use",32.8,49,2.2,0.36
FCG-008,Pataudi Road,West Gurugram,Zone 1,moderate,28.455,76.97,arterial road,Medium,confirmed_named_multi_source,NewsX (2024) — MCG Commissioner named it directly,"No — approximate, verify before production use",26.5,74,2.6,0.59
FCG-009,AIT Chowk,Old Gurugram,Zone 1,moderate,28.475,76.99,junction,Medium,confirmed_named_multi_source,The Tribune (2022),"No — approximate, verify before production use",28.3,58,2.2,0.4
FCG-010,Sector 4 Market Road,Old Gurugram,Zone 1,minor,28.482,77.023,internal road,Low,reconstructed_estimate,Not found named in sources reviewed — placeholder to complete official count,"No — approximate, verify before production use",41.9,118,0.7,0.78
FCG-011,Old Railway Road,Old Gurugram,Zone 1,minor,28.469,77.021,narrow arterial,Medium,reconstructed_estimate,Not found named in sources reviewed — placeholder to complete official count,"No — approximate, verify before production use",46.6,139,1.2,0.71
FCG-012,Palam Vihar Extension,West Gurugram,Zone 1,minor,28.505,76.993,sector internal,Medium,reconstructed_estimate,Not found named in sources reviewed — placeholder to complete official count,"No — approximate, verify before production use",52.5,138,0.9,0.71
FCG-013,Rajendra Park,West Gurugram,Zone 1,minor,28.478,76.975,sector internal,Low,reconstructed_estimate,Not found named in sources reviewed — placeholder to complete official count,"No — approximate, verify before production use",50.2,98,0.7,0.65
FCG-014,IFFCO Chowk,NH-48 corridor,Zone 2,hypercritical,28.4595,77.0724,NH-48 major junction,High,confirmed_named_multi_source,"Business Standard (2025), NewsX (2024) — major recurring chokepoint","No — approximate, verify before production use",20.5,33,5.1,0.26
FCG-015,Rajiv Chowk,NH-48 corridor,Zone 2,hypercritical,28.4477,77.0691,NH-48 major junction,High,confirmed_named_multi_source,"The Tribune (2022), NewsX (2024), Business Standard (2025)","No — approximate, verify before production use",18.2,31,3.4,0.12
FCG-016,Signature Tower Flyover,NH-48,Zone 2,hypercritical,28.453,77.0965,NH-48 flyover/underpass,High,confirmed_named_multi_source,"The Tribune (2022), NewsX (2024)","No — approximate, verify before production use",19.7,29,4.7,0.25
FCG-017,Narsinghpur,"NH-48, south of city",Zone 2,hypercritical,28.385,76.98,NH-48 arterial,High,confirmed_named_multi_source,"The Tribune (2022, 2025) — 'really dangerous for commuters' per resident quote","No — approximate, verify before production use",19.4,31,4.7,0.16
FCG-018,Hero Honda Chowk,"NH-48, south of city",Zone 2,hypercritical,28.363,76.952,NH-48 major junction,High,confirmed_named_multi_source,"The Tribune (2022, 2025), NewsX (2024) — recurring every year in coverage","No — approximate, verify before production use",15.2,28,3.6,0.18
FCG-019,Sohna Road,South Gurugram,Zone 2,hypercritical,28.418,77.043,major arterial,High,confirmed_named_multi_source,"NewsX (2024), Business Standard (2025)","No — approximate, verify before production use",21.0,24,3.2,0.16
FCG-020,Golf Course Extension Road,South-East Gurugram,Zone 2,moderate,28.402,77.068,arterial,High,confirmed_named_multi_source,NewsX (2024) — 'heavily inundated',"No — approximate, verify before production use",27.9,73,2.3,0.55
FCG-021,Artemis Roundabout / NH-8,Sector 51,Zone 2,moderate,28.435,77.095,arterial roundabout,High,confirmed_named_multi_source,The Tribune (2025) — 'notorious choke point',"No — approximate, verify before production use",31.6,60,2.7,0.39
FCG-022,Southern Peripheral Road (SPR),South Gurugram,Zone 2,moderate,28.405,77.08,major arterial,High,confirmed_named_multi_source,"NewsX (2024), The Tribune (2025, as 'SPR-Wazirabad')","No — approximate, verify before production use",25.2,44,2.6,0.47
FCG-023,Wazirabad,South Gurugram,Zone 2,moderate,28.395,77.06,arterial,Medium,confirmed_named_multi_source,"Business Standard (2025, highest rainfall recorded here), The Tribune (2025)","No — approximate, verify before production use",26.6,65,1.7,0.52
FCG-024,Millennium Metro Station Area,Central Gurugram (MG Road),Zone 2,moderate,28.46,77.071,metro / arterial junction,High,confirmed_named_multi_source,NewsX (2024),"No — approximate, verify before production use",29.5,59,2.0,0.51
FCG-025,Sector 15,Central Gurugram,Zone 2,moderate,28.468,77.035,sector internal,Medium,confirmed_named_multi_source,NewsX (2024),"No — approximate, verify before production use",28.6,44,1.7,0.59
FCG-026,Mayfield Garden,Sector 51,Zone 2,moderate,28.415,77.055,sector road,Medium,confirmed_named_multi_source,The Tribune (2022),"No — approximate, verify before production use",34.1,74,1.9,0.59
FCG-027,Atlas Chowk,Central Gurugram,Zone 2,moderate,28.482,76.985,junction,Medium,confirmed_named_multi_source,The Tribune (2022),"No — approximate, verify before production use",32.8,75,2.2,0.42
FCG-028,CRPF Chowk,Central Gurugram,Zone 2,moderate,28.49,77.035,junction,Medium,confirmed_named_multi_source,The Tribune (2022),"No — approximate, verify before production use",26.0,85,2.2,0.4
FCG-029,Cyber City,"DLF, North Gurugram",Zone 2,moderate,28.495,77.089,commercial arterial,High,confirmed_named_multi_source,NewsX (2024) — cited as commuter destination affected by area flooding,"No — approximate, verify before production use",28.1,68,1.8,0.56
FCG-030,Udyog Vihar,North Gurugram,Zone 2,moderate,28.501,77.088,industrial / arterial,High,confirmed_named_multi_source,Recurring in general Gurugram monsoon coverage as an affected industrial belt,"No — approximate, verify before production use",32.6,75,2.1,0.51
FCG-031,Sector 56 Main Stretch,South-East Gurugram,Zone 2,moderate,28.43,77.105,sector road,Medium,reconstructed_estimate,Not found named in sources reviewed — placeholder to complete official count,"No — approximate, verify before production use",30.8,72,1.6,0.45
FCG-032,Leisure Valley / Sector 29,Central Gurugram,Zone 2,moderate,28.468,77.062,sector / commercial road,Medium,reconstructed_estimate,Not found named in sources reviewed — placeholder to complete official count,"No — approximate, verify before production use",25.4,64,2.0,0.39
FCG-033,DLF Phase 2 Internal Road,DLF area,Zone 2,minor,28.483,77.094,internal road,Low,reconstructed_estimate,Not found named in sources reviewed — placeholder to complete official count,"No — approximate, verify before production use",41.6,125,0.7,0.84
FCG-034,South City Internal Road,South City,Zone 2,minor,28.448,77.05,internal road,Low,reconstructed_estimate,Not found named in sources reviewed — placeholder to complete official count,"No — approximate, verify before production use",48.7,110,1.1,0.65
FCG-035,Sector 49 Internal Road,South Gurugram,Zone 2,minor,28.408,77.062,internal road,Low,reconstructed_estimate,Not found named in sources reviewed — placeholder to complete official count,"No — approximate, verify before production use",54.4,118,1.3,0.67
FCG-036,Sector 67 Residential Road,South Gurugram,Zone 2,minor,28.398,77.055,internal road,Low,reconstructed_estimate,Not found named in sources reviewed — placeholder to complete official count,"No — approximate, verify before production use",47.3,119,1.4,0.76
FCG-037,Golf Course Road,"DLF area, Central Gurugram",Zone 2,moderate,28.438,77.101,arterial,High,confirmed_named_multi_source,"99acres locality review (2026) — 'poor drainage leads to waterlogging on Golf Course Road itself', distinct from Golf Course Extension Road already in the base 36","No — approximate, verify before production use",31.5,42,1.5,0.56
FCG-038,Judges Enclave (Golf Course Road),"DLF area, Central Gurugram",Zone 2,moderate,28.436,77.103,residential colony road,Medium,confirmed_named_multi_source,99acres locality review (2026) — 'Judges Enclave along the road faces waterlogging post-rain',"No — approximate, verify before production use",30.9,51,2.6,0.42
FCG-039,Dwarka Expressway (Sectors 112-115),"New Gurugram, Dwarka Expressway belt",Zone 2,moderate,28.515,77.045,expressway / under-development sectors,High,confirmed_named_multi_source,GMDA-approved drainage project coverage (2026) — ~7.59km stormwater system approved specifically because these sectors 'have faced waterlogging',"No — approximate, verify before production use",29.2,62,2.9,0.57
FCG-040,Old Delhi-Gurgaon Road (Mahavir Chowk-Kapashera),North Gurugram,Zone 1,moderate,28.505,77.065,arterial corridor,High,confirmed_named_multi_source,GMDA drainage project coverage (April 2026) — 7.5km corridor targeted specifically for 'chronic waterlogging',"No — approximate, verify before production use",27.8,53,2.1,0.35
FCG-041,Sushant Lok 1,Central Gurugram,Zone 1,moderate,28.468,77.085,residential colony road,Medium,plausible_real_unconfirmed_flood_status,"Real, verifiable Gurugram locality; flood risk is a plausible, UNCONFIRMED estimate based on proximity to known-bad corridors, not a cited source","No — approximate, verify before production use",28.1,87,2.8,0.48
FCG-042,Malibu Town (Sohna Road),South Gurugram,Zone 2,moderate,28.413,77.048,"residential colony road, adjacent to Sohna Road",Medium,plausible_real_unconfirmed_flood_status,"Real, verifiable Gurugram locality; flood risk is a plausible, UNCONFIRMED estimate based on proximity to known-bad corridors, not a cited source","No — approximate, verify before production use",29.9,87,2.4,0.59
FCG-043,Vatika City (Sohna Road),South Gurugram,Zone 2,moderate,28.398,77.038,"residential colony road, adjacent to Sohna Road",Medium,plausible_real_unconfirmed_flood_status,"Real, verifiable Gurugram locality; flood risk is a plausible, UNCONFIRMED estimate based on proximity to known-bad corridors, not a cited source","No — approximate, verify before production use",35.0,41,1.7,0.54
FCG-044,Nirvana Country (Sohna Road),South Gurugram,Zone 2,minor,28.423,77.051,residential colony road,Low,plausible_real_unconfirmed_flood_status,"Real, verifiable Gurugram locality; flood risk is a plausible, UNCONFIRMED estimate based on proximity to known-bad corridors, not a cited source","No — approximate, verify before production use",41.9,110,0.8,0.76
FCG-045,DLF Phase 1 Internal Road,Central Gurugram,Zone 1,minor,28.479,77.092,internal road,Medium,plausible_real_unconfirmed_flood_status,"Real, verifiable Gurugram locality; flood risk is a plausible, UNCONFIRMED estimate based on proximity to known-bad corridors, not a cited source","No — approximate, verify before production use",40.8,117,1.1,0.67
FCG-046,DLF Phase 4 (Galleria Market),Central Gurugram,Zone 1,minor,28.47,77.1,commercial internal road,Medium,plausible_real_unconfirmed_flood_status,"Real, verifiable Gurugram locality; flood risk is a plausible, UNCONFIRMED estimate based on proximity to known-bad corridors, not a cited source","No — approximate, verify before production use",45.1,120,0.8,0.73
FCG-047,Palam Vihar Main Market,West Gurugram,Zone 1,minor,28.502,76.997,sector market road,Medium,plausible_real_unconfirmed_flood_status,"Real, verifiable Gurugram locality; flood risk is a plausible, UNCONFIRMED estimate based on proximity to known-bad corridors, not a cited source","No — approximate, verify before production use",46.2,95,1.1,0.66
FCG-048,South City 1 Internal Road,Central Gurugram,Zone 2,minor,28.446,77.048,internal road,Low,plausible_real_unconfirmed_flood_status,"Real, verifiable Gurugram locality; flood risk is a plausible, UNCONFIRMED estimate based on proximity to known-bad corridors, not a cited source","No — approximate, verify before production use",48.7,94,1.0,0.82
FCG-049,Sector 14 Market,Old Gurugram,Zone 1,minor,28.474,77.028,sector market road,Medium,plausible_real_unconfirmed_flood_status,"Real, verifiable Gurugram locality; flood risk is a plausible, UNCONFIRMED estimate based on proximity to known-bad corridors, not a cited source","No — approximate, verify before production use",44.3,94,0.8,0.73
FCG-050,Sector 17 Market,Old Gurugram,Zone 1,minor,28.477,77.048,sector market road,Medium,plausible_real_unconfirmed_flood_status,"Real, verifiable Gurugram locality; flood risk is a plausible, UNCONFIRMED estimate based on proximity to known-bad corridors, not a cited source","No — approximate, verify before production use",49.2,99,0.5,0.82
FCG-051,Sector 22 (near HUDA),Old Gurugram,Zone 1,minor,28.464,77.033,sector internal,Low,plausible_real_unconfirmed_flood_status,"Real, verifiable Gurugram locality; flood risk is a plausible, UNCONFIRMED estimate based on proximity to known-bad corridors, not a cited source","No — approximate, verify before production use",46.8,124,1.3,0.8
FCG-052,Sector 23A Industrial Area,Old Gurugram,Zone 1,minor,28.49,77.018,industrial road,Medium,plausible_real_unconfirmed_flood_status,"Real, verifiable Gurugram locality; flood risk is a plausible, UNCONFIRMED estimate based on proximity to known-bad corridors, not a cited source","No — approximate, verify before production use",52.9,109,0.7,0.65
FCG-053,Sector 31 Market,Old Gurugram,Zone 1,minor,28.452,77.03,sector market road,Low,plausible_real_unconfirmed_flood_status,"Real, verifiable Gurugram locality; flood risk is a plausible, UNCONFIRMED estimate based on proximity to known-bad corridors, not a cited source","No — approximate, verify before production use",45.9,126,1.1,0.83
FCG-054,Sector 40 (near Golf Course Rd),Central Gurugram,Zone 2,minor,28.446,77.09,sector internal,Low,plausible_real_unconfirmed_flood_status,"Real, verifiable Gurugram locality; flood risk is a plausible, UNCONFIRMED estimate based on proximity to known-bad corridors, not a cited source","No — approximate, verify before production use",52.4,119,0.6,0.75
FCG-055,Sector 45,South-Central Gurugram,Zone 2,minor,28.434,77.087,sector internal,Low,plausible_real_unconfirmed_flood_status,"Real, verifiable Gurugram locality; flood risk is a plausible, UNCONFIRMED estimate based on proximity to known-bad corridors, not a cited source","No — approximate, verify before production use",53.8,142,1.2,0.78
FCG-056,Sector 46 (Sohna Road belt),South Gurugram,Zone 2,minor,28.421,77.068,sector internal,Low,plausible_real_unconfirmed_flood_status,"Real, verifiable Gurugram locality; flood risk is a plausible, UNCONFIRMED estimate based on proximity to known-bad corridors, not a cited source","No — approximate, verify before production use",52.4,131,1.1,0.73
FCG-057,Sector 57 (near Golf Course Ext Rd),South-East Gurugram,Zone 2,minor,28.418,77.09,sector internal,Medium,plausible_real_unconfirmed_flood_status,"Real, verifiable Gurugram locality; flood risk is a plausible, UNCONFIRMED estimate based on proximity to known-bad corridors, not a cited source","No — approximate, verify before production use",46.0,119,1.4,0.78
FCG-058,Sector 82 (Dwarka Expressway belt),New Gurugram,Zone 2,minor,28.497,76.998,"sector internal, under development",Low,plausible_real_unconfirmed_flood_status,"Real, verifiable Gurugram locality; flood risk is a plausible, UNCONFIRMED estimate based on proximity to known-bad corridors, not a cited source","No — approximate, verify before production use",52.4,120,1.0,0.79
FCG-059,Sector 109 (Dwarka Expressway belt),New Gurugram,Zone 2,minor,28.51,77.03,"sector internal, under development",Low,plausible_real_unconfirmed_flood_status,"Real, verifiable Gurugram locality; flood risk is a plausible, UNCONFIRMED estimate based on proximity to known-bad corridors, not a cited source","No — approximate, verify before production use",50.4,103,1.4,0.69
FCG-060,Manesar Chowk,Manesar (South-West edge of city),Zone 2,minor,28.355,76.935,industrial town junction,Medium,plausible_real_unconfirmed_flood_status,"Real, verifiable Gurugram locality; flood risk is a plausible, UNCONFIRMED estimate based on proximity to known-bad corridors, not a cited source","No — approximate, verify before production use",49.9,111,0.8,0.85
FCG-061,Kherki Daula Toll Plaza,"NH-48, South-West edge of city",Zone 2,minor,28.39,76.97,NH-48 toll plaza,High,plausible_real_unconfirmed_flood_status,"Real, verifiable Gurugram locality; flood risk is a plausible, UNCONFIRMED estimate based on proximity to known-bad corridors, not a cited source","No — approximate, verify before production use",50.2,107,1.2,0.8
FCG-062,Sector 105 (Dwarka Expressway belt),New Gurugram,Zone 2,minor,28.508,76.99,"sector internal, under development",Low,plausible_real_unconfirmed_flood_status,"Real, verifiable Gurugram locality; flood risk is a plausible, UNCONFIRMED estimate based on proximity to known-bad corridors, not a cited source","No — approximate, verify before production use",45.4,145,1.5,0.7
FCG-063,IMT Manesar Main Road,Manesar industrial belt,Zone 2,minor,28.37,76.96,industrial arterial,Medium,plausible_real_unconfirmed_flood_status,"Real, verifiable Gurugram locality; flood risk is a plausible, UNCONFIRMED estimate based on proximity to known-bad corridors, not a cited source","No — approximate, verify before production use",51.0,102,0.7,0.8
FCG-064,Sector 56 Extension,South-East Gurugram,Zone 2,minor,28.427,77.108,sector internal,Low,plausible_real_unconfirmed_flood_status,"Real, verifiable Gurugram locality; flood risk is a plausible, UNCONFIRMED estimate based on proximity to known-bad corridors, not a cited source","No — approximate, verify before production use",54.2,119,0.8,0.71
